,total_income,ptype,Count
0,0.015,U,695
1,0.034999999999999996,H,57
2,0.045,U,934
3,0.055,U,9765
4,0.065,H,1421
5,0.065,U,24850
6,0.07500000000000001,H,5611
7,0.07500000000000001,U,18614
8,0.085,H,21591
9,0.085,U,15950
10,0.095,H,34076
11,0.095,U,13094
12,0.10500000000000001,H,20393
13,0.10500000000000001,U,5139
14,0.115,H,7033
15,0.115,U,736
16,0.125,H,705
17,0.125,U,58
18,0.155,U,212
